URL,Status,Response Time,Issues Count,Issues,Broken Links
"https://www.xloopdigital.com",200,"130ms",5,"Title too long (62 chars); Meta description too long (208 chars); Multiple H1 Tags (11); 2 image(s) missing alt text; 1 broken internal link(s) found","https://www.xloopdigital.com/xcelerate/performance"
"https://www.xloopdigital.com/xlab/hr-app-pilot",200,"391ms",5,"Title too long (82 chars); Meta description too long (242 chars); Multiple H1 Tags (13); 4 image(s) missing alt text; 1 broken internal link(s) found","https://www.xloopdigital.com/xcelerate/performance"
"https://www.xloopdigital.com/xlab/xCrowdIQ",200,"103ms",5,"Title too long (82 chars); Meta description too long (167 chars); Multiple H1 Tags (14); 1 image(s) missing alt text; 1 broken internal link(s) found","https://www.xloopdigital.com/xcelerate/performance"
"https://www.xloopdigital.com/xlab/xServe",200,"102ms",5,"Title too long (73 chars); Meta description too long (199 chars); Multiple H1 Tags (17); 7 image(s) missing alt text; 1 broken internal link(s) found","https://www.xloopdigital.com/xcelerate/performance"
"https://www.xloopdigital.com/xlab/xVoltIQ",200,"108ms",5,"Title too long (91 chars); Meta description too long (204 chars); Multiple H1 Tags (12); 1 image(s) missing alt text; 1 broken internal link(s) found","https://www.xloopdigital.com/xcelerate/performance"
"https://www.xloopdigital.com/xlab/app-pilot",200,"202ms",4,"Title too long (76 chars); Meta description too long (220 chars); Multiple H1 Tags (14); 1 broken internal link(s) found","https://www.xloopdigital.com/xcelerate/performance"
"https://www.xloopdigital.com/xlab/chat-genie",200,"204ms",4,"Title too long (75 chars); Meta description too long (228 chars); Multiple H1 Tags (14); 1 broken internal link(s) found","https://www.xloopdigital.com/xcelerate/performance"
"https://www.xloopdigital.com/xlab/design-studio",200,"204ms",4,"Title too long (84 chars); Meta description too long (193 chars); Multiple H1 Tags (14); 1 broken internal link(s) found","https://www.xloopdigital.com/xcelerate/performance"
"https://www.xloopdigital.com/xlab/xVision",200,"89ms",4,"Title too long (76 chars); Meta description too long (191 chars); Multiple H1 Tags (14); 1 broken internal link(s) found","https://www.xloopdigital.com/xcelerate/performance"
"https://www.xloopdigital.com/services/ai-agents-and-autonomous-systems",200,"204ms",4,"Title too long (82 chars); Meta description too long (161 chars); Multiple H1 Tags (10); 1 broken internal link(s) found","https://www.xloopdigital.com/xcelerate/performance"
"https://www.xloopdigital.com/services/ai-security-service",200,"209ms",4,"Title too long (87 chars); Meta description too long (214 chars); Multiple H1 Tags (16); 1 broken internal link(s) found","https://www.xloopdigital.com/xcelerate/performance"
"https://www.xloopdigital.com/services/cloud-and-hyperscaling",200,"177ms",4,"Title too long (92 chars); Meta description too long (246 chars); Multiple H1 Tags (15); 1 broken internal link(s) found","https://www.xloopdigital.com/xcelerate/performance"
"https://www.xloopdigital.com/services/computer-vision",200,"204ms",4,"Title too long (84 chars); Meta description too long (186 chars); Multiple H1 Tags (11); 1 broken internal link(s) found","https://www.xloopdigital.com/xcelerate/performance"
"https://www.xloopdigital.com/services/cyber-security-service",200,"101ms",4,"Title too long (98 chars); Meta description too long (223 chars); Multiple H1 Tags (14); 1 broken internal link(s) found","https://www.xloopdigital.com/xcelerate/performance"
"https://www.xloopdigital.com/services/data-analytics",200,"121ms",4,"Title too long (105 chars); Meta description too long (225 chars); Multiple H1 Tags (15); 1 broken internal link(s) found","https://www.xloopdigital.com/xcelerate/performance"
"https://www.xloopdigital.com/services/digital-twin",200,"412ms",4,"Title too long (86 chars); Meta description too long (170 chars); Multiple H1 Tags (10); 1 broken internal link(s) found","https://www.xloopdigital.com/xcelerate/performance"
"https://www.xloopdigital.com/services/large-language-models",200,"102ms",4,"Title too long (71 chars); Meta description too long (182 chars); Multiple H1 Tags (10); 1 broken internal link(s) found","https://www.xloopdigital.com/xcelerate/performance"
"https://www.xloopdigital.com/services/machine-learning",200,"210ms",4,"Title too long (71 chars); Meta description too long (179 chars); Multiple H1 Tags (10); 1 broken internal link(s) found","https://www.xloopdigital.com/xcelerate/performance"
"https://www.xloopdigital.com/services/nepra",200,"202ms",4,"Title too long (86 chars); Meta description too long (207 chars); 17 image(s) missing alt text; 1 broken internal link(s) found","https://www.xloopdigital.com/xcelerate/performance"
"https://www.xloopdigital.com/services/predictive-analytics",200,"102ms",4,"Title too long (72 chars); Meta description too long (198 chars); Multiple H1 Tags (10); 1 broken internal link(s) found","https://www.xloopdigital.com/xcelerate/performance"
"https://www.xloopdigital.com/services/web-and-app-development",200,"207ms",4,"Title too long (92 chars); Meta description too long (263 chars); Multiple H1 Tags (15); 1 broken internal link(s) found","https://www.xloopdigital.com/xcelerate/performance"
"https://www.xloopdigital.com/industries/banking-and-finance",200,"100ms",4,"Title too long (70 chars); Meta description too long (184 chars); Multiple H1 Tags (16); 1 broken internal link(s) found","https://www.xloopdigital.com/xcelerate/performance"
"https://www.xloopdigital.com/industries/edTech",200,"81ms",4,"Title too long (71 chars); Meta description too long (166 chars); Multiple H1 Tags (16); 1 broken internal link(s) found","https://www.xloopdigital.com/xcelerate/performance"
"https://www.xloopdigital.com/industries/energy-and-utilities",200,"93ms",4,"Title too long (71 chars); Meta description too long (186 chars); Multiple H1 Tags (16); 1 broken internal link(s) found","https://www.xloopdigital.com/xcelerate/performance"
"https://www.xloopdigital.com/industries/healthcare",200,"101ms",4,"Title too long (74 chars); Meta description too long (189 chars); Multiple H1 Tags (16); 1 broken internal link(s) found","https://www.xloopdigital.com/xcelerate/performance"
"https://www.xloopdigital.com/industries/manufacturing",200,"203ms",4,"Title too long (62 chars); Meta description too long (181 chars); Multiple H1 Tags (16); 1 broken internal link(s) found","https://www.xloopdigital.com/xcelerate/performance"
"https://www.xloopdigital.com/industries/retail-and-eCommerce",200,"102ms",4,"Title too long (71 chars); Meta description too long (186 chars); Multiple H1 Tags (16); 1 broken internal link(s) found","https://www.xloopdigital.com/xcelerate/performance"
"https://www.xloopdigital.com/industries/smart-cities",200,"101ms",4,"Title too long (61 chars); Meta description too long (218 chars); Multiple H1 Tags (16); 1 broken internal link(s) found","https://www.xloopdigital.com/xcelerate/performance"
"https://www.xloopdigital.com/industries/telco-itc",200,"162ms",4,"Title too long (66 chars); Meta description too long (227 chars); Multiple H1 Tags (16); 2 broken internal link(s) found","https://www.xloopdigital.com/industries/telecom-and-ict; https://www.xloopdigital.com/xcelerate/performance"
"https://www.xloopdigital.com/industries/transports-and-logistics",200,"86ms",4,"Title too long (75 chars); Meta description too long (207 chars); Multiple H1 Tags (16); 1 broken internal link(s) found","https://www.xloopdigital.com/xcelerate/performance"
"https://www.xloopdigital.com/insights/blogs/5-agentic-ai-implementation-examples-in-action",200,"615ms",4,"Title too long (74 chars); Meta description too long (179 chars); Multiple H1 Tags (3); 1 broken internal link(s) found","https://www.xloopdigital.com/xcelerate/performance"
"https://www.xloopdigital.com/insights/blogs/agentic-ai-in-wealth-management-building-self-optimising-investment-portfolios",200,"101ms",4,"Title too long (97 chars); Meta description too long (168 chars); Multiple H1 Tags (5); 1 broken internal link(s) found","https://www.xloopdigital.com/xcelerate/performance"
"https://www.xloopdigital.com/insights/blogs/ai-document-processing-roi-how-mid-market-companies-are-cutting-processing-time-by-60-and-what-it-costs-to-wait",200,"157ms",4,"Title too long (67 chars); Meta description too long (170 chars); Multiple H1 Tags (5); 1 broken internal link(s) found","https://www.xloopdigital.com/xcelerate/performance"
"https://www.xloopdigital.com/insights/blogs/ai-governance-and-cybersecurity-strategies-for-modern-enterprises",200,"408ms",4,"Title too long (82 chars); Meta description too long (179 chars); Multiple H1 Tags (3); 1 broken internal link(s) found","https://www.xloopdigital.com/xcelerate/performance"
"https://www.xloopdigital.com/insights/blogs/ai-in-banking-5-transformative-trends-reshaping-finance-in-2025",200,"512ms",4,"Title too long (80 chars); Meta description too long (215 chars); Multiple H1 Tags (3); 1 broken internal link(s) found","https://www.xloopdigital.com/xcelerate/performance"
"https://www.xloopdigital.com/insights/blogs/ai-in-banking-where-it-works-what-it-takes-and-why-it-matters",200,"184ms",4,"Title too long (81 chars); Meta description too long (163 chars); Multiple H1 Tags (5); 1 broken internal link(s) found","https://www.xloopdigital.com/xcelerate/performance"
"https://www.xloopdigital.com/insights/blogs/ai-in-retail-from-personalization-to-inventory-optimization",200,"523ms",4,"Title too long (85 chars); Meta description too long (164 chars); Multiple H1 Tags (5); 1 broken internal link(s) found","https://www.xloopdigital.com/xcelerate/performance"
"https://www.xloopdigital.com/insights/blogs/ai-led-data-migration-reduce-carbon-footprint",200,"929ms",4,"Title too long (67 chars); Meta description too long (169 chars); Multiple H1 Tags (3); 1 broken internal link(s) found","https://www.xloopdigital.com/xcelerate/performance"
"https://www.xloopdigital.com/insights/blogs/building-scalable-ai-infrastructure-real-world-lessons",200,"103ms",4,"Title too long (71 chars); Meta description too long (161 chars); Multiple H1 Tags (5); 1 broken internal link(s) found","https://www.xloopdigital.com/xcelerate/performance"
"https://www.xloopdigital.com/insights/blogs/business-issues-conversational-ai-can-solve-today",200,"203ms",4,"Title too long (74 chars); Meta description too long (183 chars); Multiple H1 Tags (3); 1 broken internal link(s) found","https://www.xloopdigital.com/xcelerate/performance"
"https://www.xloopdigital.com/insights/blogs/china-ai-hospital-revolution-how-virtual-doctors-are-treating-thousands-of-patients-without-human-intervention",200,"201ms",4,"Title too long (122 chars); Meta description too long (252 chars); Multiple H1 Tags (3); 1 broken internal link(s) found","https://www.xloopdigital.com/xcelerate/performance"
"https://www.xloopdigital.com/insights/blogs/choosing-between-off-the-shelf-and-custom-ai-solutions",200,"608ms",4,"Title too long (92 chars); Meta description too long (176 chars); Multiple H1 Tags (5); 1 broken internal link(s) found","https://www.xloopdigital.com/xcelerate/performance"
"https://www.xloopdigital.com/services/ai-consulting-and-development",200,"126ms",3,"Title too long (73 chars); Multiple H1 Tags (15); 1 broken internal link(s) found","https://www.xloopdigital.com/xcelerate/performance"
"https://www.xloopdigital.com/services/generative-ai",200,"83ms",3,"Title too long (83 chars); Multiple H1 Tags (9); 1 broken internal link(s) found","https://www.xloopdigital.com/xcelerate/performance"
"https://www.xloopdigital.com/insights/blogs/3-applications-of-big-data-in-healthcare-real-examples",200,"512ms",3,"Title too long (72 chars); Multiple H1 Tags (3); 1 broken internal link(s) found","https://www.xloopdigital.com/xcelerate/performance"
"https://www.xloopdigital.com/insights/blogs/4-ways-ai-is-making-inroad-in-the-transportation-industry",200,"512ms",3,"Title too long (77 chars); Multiple H1 Tags (3); 1 broken internal link(s) found","https://www.xloopdigital.com/xcelerate/performance"
"https://www.xloopdigital.com/insights/blogs/5-real-world-use-cases-ai-in-industrial-automation",200,"490ms",3,"Title too long (69 chars); Multiple H1 Tags (3); 1 broken internal link(s) found","https://www.xloopdigital.com/xcelerate/performance"
"https://www.xloopdigital.com/insights/blogs/ai-use-cases-south-african-enterprises",200,"104ms",3,"Title too long (72 chars); Multiple H1 Tags (5); 1 broken internal link(s) found","https://www.xloopdigital.com/xcelerate/performance"
"https://www.xloopdigital.com/insights/blogs/autonomous-quality-inspection-readiness-indicators",200,"272ms",3,"Title too long (92 chars); Multiple H1 Tags (5); 1 broken internal link(s) found","https://www.xloopdigital.com/xcelerate/performance"
"https://www.xloopdigital.com/insights/blogs",200,"204ms",2,"Multiple H1 Tags (2); 1 broken internal link(s) found","https://www.xloopdigital.com/xcelerate/performance"
